,Tarih,TP_DK_USD_A_YTL
0,01-01-2022,
1,02-01-2022,
2,03-01-2022,13.329
3,04-01-2022,13.4221
4,05-01-2022,13.1873
5,06-01-2022,13.3687
6,07-01-2022,13.6352
7,08-01-2022,
8,09-01-2022,
9,10-01-2022,13.7526
10,11-01-2022,13.7195
11,12-01-2022,13.7314
12,13-01-2022,13.7209
13,14-01-2022,13.54
14,15-01-2022,
15,16-01-2022,
16,17-01-2022,13.5054
17,18-01-2022,13.4788
18,19-01-2022,13.5109
19,20-01-2022,13.5703
20,21-01-2022,13.4431
21,22-01-2022,
22,23-01-2022,
23,24-01-2022,13.402
24,25-01-2022,13.3846
25,26-01-2022,13.5
26,27-01-2022,13.5029
27,28-01-2022,13.5932
28,29-01-2022,
29,30-01-2022,
30,31-01-2022,13.6066
31,01-02-2022,13.4015
32,02-02-2022,13.367
33,03-02-2022,13.4287
34,04-02-2022,13.5543
35,05-02-2022,
36,06-02-2022,
37,07-02-2022,13.5336
38,08-02-2022,13.5429
39,09-02-2022,13.616
40,10-02-2022,13.5675
41,11-02-2022,13.5322
42,12-02-2022,
43,13-02-2022,
44,14-02-2022,13.4933
45,15-02-2022,13.5378
46,16-02-2022,13.6032
47,17-02-2022,13.6154
48,18-02-2022,13.6035
49,19-02-2022,
50,20-02-2022,
51,21-02-2022,13.6118
52,22-02-2022,13.6123
53,23-02-2022,13.7447
54,24-02-2022,13.7849
55,25-02-2022,14.2324
56,26-02-2022,
57,27-02-2022,
58,28-02-2022,14.0395
59,01-03-2022,13.8286
60,02-03-2022,13.8854
61,03-03-2022,14.0386
62,04-03-2022,14.112
63,05-03-2022,
64,06-03-2022,
65,07-03-2022,14.1766
66,08-03-2022,14.3012
67,09-03-2022,14.4728
68,10-03-2022,14.6061
69,11-03-2022,14.7435
70,12-03-2022,
71,13-03-2022,
72,14-03-2022,14.9042
73,15-03-2022,14.7624
74,16-03-2022,14.7503
75,17-03-2022,14.6758
76,18-03-2022,14.6697
77,19-03-2022,
78,20-03-2022,
79,21-03-2022,14.764
80,22-03-2022,14.816
81,23-03-2022,14.8041
82,24-03-2022,14.8063
83,25-03-2022,14.8234
84,26-03-2022,
85,27-03-2022,
86,28-03-2022,14.8068
87,29-03-2022,14.8221
88,30-03-2022,14.7933
89,31-03-2022,14.6458
90,01-04-2022,14.6371
91,02-04-2022,
92,03-04-2022,
93,04-04-2022,14.6609
94,05-04-2022,14.6862
95,06-04-2022,14.6955
96,07-04-2022,14.7176
97,08-04-2022,14.7289
98,09-04-2022,
99,10-04-2022,
100,11-04-2022,14.7213
101,12-04-2022,14.7162
102,13-04-2022,14.6633
103,14-04-2022,14.5604
104,15-04-2022,14.5933
105,16-04-2022,
106,17-04-2022,
107,18-04-2022,14.6181
108,19-04-2022,14.6252
109,20-04-2022,14.6343
110,21-04-2022,14.6424
111,22-04-2022,14.6605
112,23-04-2022,
113,24-04-2022,
114,25-04-2022,14.7068
115,26-04-2022,14.7439
116,27-04-2022,14.767
117,28-04-2022,14.7962
118,29-04-2022,14.7798
119,30-04-2022,
120,01-05-2022,
121,02-05-2022,
122,03-05-2022,
123,04-05-2022,
124,05-05-2022,14.7852
125,06-05-2022,14.8313
126,07-05-2022,
127,08-05-2022,
128,09-05-2022,14.8978
129,10-05-2022,14.974
130,11-05-2022,15.1926
131,12-05-2022,15.2882
132,13-05-2022,15.3526
133,14-05-2022,
134,15-05-2022,
135,16-05-2022,15.4378
136,17-05-2022,15.5639
137,18-05-2022,15.7886
138,19-05-2022,
139,20-05-2022,15.9205
140,21-05-2022,
141,22-05-2022,
142,23-05-2022,15.9249
143,24-05-2022,15.8494
144,25-05-2022,16.0846
145,26-05-2022,16.267
146,27-05-2022,16.3681
147,28-05-2022,
148,29-05-2022,
149,30-05-2022,16.3479
150,31-05-2022,16.3562
151,01-06-2022,16.3876
152,02-06-2022,16.4127
153,03-06-2022,16.439
154,04-06-2022,
155,05-06-2022,
156,06-06-2022,16.4765
157,07-06-2022,16.5588
158,08-06-2022,16.7084
159,09-06-2022,17.0925
160,10-06-2022,17.1985
161,11-06-2022,
162,12-06-2022,
163,13-06-2022,17.0589
164,14-06-2022,17.2344
165,15-06-2022,17.2343
166,16-06-2022,17.2568
167,17-06-2022,17.288
168,18-06-2022,
169,19-06-2022,
170,20-06-2022,17.2905
171,21-06-2022,17.3113
172,22-06-2022,17.3168
173,23-06-2022,17.3301
174,24-06-2022,17.347
175,25-06-2022,
176,26-06-2022,
177,27-06-2022,17.3478
178,28-06-2022,16.646
179,29-06-2022,16.6189
180,30-06-2022,16.669
181,01-07-2022,16.6614
182,02-07-2022,
183,03-07-2022,
184,04-07-2022,16.7155
185,05-07-2022,16.7935
186,06-07-2022,16.9369
187,07-07-2022,17.1818
188,08-07-2022,17.2601
189,09-07-2022,
190,10-07-2022,
191,11-07-2022,
192,12-07-2022,
193,13-07-2022,17.2601
194,14-07-2022,17.3913
195,15-07-2022,
196,16-07-2022,
197,17-07-2022,
198,18-07-2022,17.4581
199,19-07-2022,17.4635
200,20-07-2022,17.5425
201,21-07-2022,17.5605
202,22-07-2022,17.6282
203,23-07-2022,
204,24-07-2022,
205,25-07-2022,17.711
206,26-07-2022,17.8011
207,27-07-2022,17.8335
208,28-07-2022,17.8701
209,29-07-2022,17.9044
210,30-07-2022,
211,31-07-2022,
212,01-08-2022,17.8939
213,02-08-2022,17.9254
214,03-08-2022,17.9327
215,04-08-2022,17.9358
216,05-08-2022,17.935
217,06-08-2022,
218,07-08-2022,
219,08-08-2022,17.9362
220,09-08-2022,17.9393
221,10-08-2022,17.9319
222,11-08-2022,17.9308
223,12-08-2022,17.9356
224,13-08-2022,
225,14-08-2022,
226,15-08-2022,17.9366
227,16-08-2022,17.9411
228,17-08-2022,17.942
229,18-08-2022,17.9411
230,19-08-2022,17.9688
231,20-08-2022,
232,21-08-2022,
233,22-08-2022,18.0767
234,23-08-2022,18.0988
235,24-08-2022,18.1018
236,25-08-2022,18.1176
237,26-08-2022,18.1466
238,27-08-2022,
239,28-08-2022,
240,29-08-2022,18.1564
241,30-08-2022,
242,31-08-2022,18.1648
243,01-09-2022,18.1704
244,02-09-2022,18.1805
245,03-09-2022,
246,04-09-2022,
247,05-09-2022,18.2009
248,06-09-2022,18.205
249,07-09-2022,18.2048
250,08-09-2022,18.214
251,09-09-2022,18.2195
252,10-09-2022,
253,11-09-2022,
254,12-09-2022,18.2189
255,13-09-2022,18.2187
256,14-09-2022,18.2205
257,15-09-2022,18.2321
258,16-09-2022,18.2427
259,17-09-2022,
260,18-09-2022,
261,19-09-2022,18.2474
262,20-09-2022,18.2658
263,21-09-2022,18.2786
264,22-09-2022,18.2949
265,23-09-2022,18.3401
266,24-09-2022,
267,25-09-2022,
268,26-09-2022,18.3702
269,27-09-2022,18.4266
270,28-09-2022,18.4509
271,29-09-2022,18.4862
272,30-09-2022,18.5038
273,01-10-2022,
274,02-10-2022,
275,03-10-2022,18.5187
276,04-10-2022,18.5397
277,05-10-2022,18.5447
278,06-10-2022,18.555
279,07-10-2022,18.5589
280,08-10-2022,
281,09-10-2022,
282,10-10-2022,18.5592
283,11-10-2022,18.5581
284,12-10-2022,18.5615
285,13-10-2022,18.5664
286,14-10-2022,18.5656
287,15-10-2022,
288,16-10-2022,
289,17-10-2022,18.5596
290,18-10-2022,18.5663
291,19-10-2022,18.5663
292,20-10-2022,18.5661
293,21-10-2022,18.5687
294,22-10-2022,
295,23-10-2022,
296,24-10-2022,18.5741
297,25-10-2022,18.583
298,26-10-2022,18.5825
299,27-10-2022,18.5865
300,28-10-2022,18.588
301,29-10-2022,
302,30-10-2022,
303,31-10-2022,18.588
304,01-11-2022,18.5915
305,02-11-2022,18.5956
306,03-11-2022,18.5981
307,04-11-2022,18.5972
308,05-11-2022,
309,06-11-2022,
310,07-11-2022,18.5936
311,08-11-2022,18.5833
312,09-11-2022,18.5803
313,10-11-2022,18.5791
314,11-11-2022,18.5793
315,12-11-2022,
316,13-11-2022,
317,14-11-2022,18.5115
318,15-11-2022,18.5819
319,16-11-2022,18.5864
320,17-11-2022,18.5916
321,18-11-2022,18.5959
322,19-11-2022,
323,20-11-2022,
324,21-11-2022,18.5945
325,22-11-2022,18.5979
326,23-11-2022,18.6033
327,24-11-2022,18.6062
328,25-11-2022,18.6045
329,26-11-2022,
330,27-11-2022,
331,28-11-2022,18.6071
332,29-11-2022,18.6069
333,30-11-2022,18.614
334,01-12-2022,18.6194
335,02-12-2022,18.6123
336,03-12-2022,
337,04-12-2022,
338,05-12-2022,18.6103
339,06-12-2022,18.613
340,07-12-2022,18.6143
341,08-12-2022,18.6166
342,09-12-2022,18.6202
343,10-12-2022,
344,11-12-2022,
345,12-12-2022,18.6208
346,13-12-2022,18.6199
347,14-12-2022,18.6246
348,15-12-2022,18.6266
349,16-12-2022,18.6254
350,17-12-2022,
351,18-12-2022,
352,19-12-2022,18.6268
353,20-12-2022,18.6312
354,21-12-2022,18.6381
355,22-12-2022,18.6432
356,23-12-2022,18.6522
357,24-12-2022,
358,25-12-2022,
359,26-12-2022,18.6592
360,27-12-2022,18.6649
361,28-12-2022,18.6813
362,29-12-2022,18.6964
363,30-12-2022,18.6966
364,31-12-2022,
365,01-01-2023,
366,02-01-2023,18.6983
367,03-01-2023,18.7029
368,04-01-2023,18.7105
369,05-01-2023,18.7194
370,06-01-2023,18.7387
371,07-01-2023,
372,08-01-2023,
373,09-01-2023,18.7498
374,10-01-2023,18.7538
375,11-01-2023,18.7555
376,12-01-2023,18.7581
377,13-01-2023,18.7608
378,14-01-2023,
379,15-01-2023,
380,16-01-2023,18.7592
381,17-01-2023,18.7681
382,18-01-2023,18.7691
383,19-01-2023,18.7701
384,20-01-2023,18.7742
385,21-01-2023,
386,22-01-2023,
387,23-01-2023,18.7771
388,24-01-2023,18.7844
389,25-01-2023,18.7735
390,26-01-2023,18.785
391,27-01-2023,18.7853
392,28-01-2023,
393,29-01-2023,
394,30-01-2023,18.7852
395,31-01-2023,18.7876
396,01-02-2023,18.7878
397,02-02-2023,18.7897
398,03-02-2023,18.7913
399,04-02-2023,
400,05-02-2023,
401,06-02-2023,18.7948
402,07-02-2023,18.8092
403,08-02-2023,18.8087
404,09-02-2023,18.81
405,10-02-2023,18.8109
406,11-02-2023,
407,12-02-2023,
408,13-02-2023,18.8112
409,14-02-2023,18.8184
410,15-02-2023,18.8225
411,16-02-2023,18.8282
412,17-02-2023,18.832
413,18-02-2023,
414,19-02-2023,
415,20-02-2023,18.836
416,21-02-2023,18.8438
417,22-02-2023,18.8464
418,23-02-2023,18.8506
419,24-02-2023,18.8548
420,25-02-2023,
421,26-02-2023,
422,27-02-2023,18.8567
423,28-02-2023,18.8632
424,01-03-2023,18.8647
425,02-03-2023,18.8652
426,03-03-2023,18.867
427,04-03-2023,
428,05-03-2023,
429,06-03-2023,18.8587
430,07-03-2023,18.8801
431,08-03-2023,18.8907
432,09-03-2023,18.9135
433,10-03-2023,18.9295
434,11-03-2023,
435,12-03-2023,
436,13-03-2023,18.9374
437,14-03-2023,18.9494
438,15-03-2023,18.9514
439,16-03-2023,18.9583
440,17-03-2023,18.9756
441,18-03-2023,
442,19-03-2023,
443,20-03-2023,18.9785
444,21-03-2023,18.9919
445,22-03-2023,19.0014
446,23-03-2023,19.0165
447,24-03-2023,19.0223
448,25-03-2023,
449,26-03-2023,
450,27-03-2023,19.0371
451,28-03-2023,19.068
452,29-03-2023,19.0839
453,30-03-2023,19.107
454,31-03-2023,19.146
455,01-04-2023,
456,02-04-2023,
457,03-04-2023,19.1532
458,04-04-2023,19.1788
459,05-04-2023,19.2001
460,06-04-2023,19.2266
461,07-04-2023,19.2361
462,08-04-2023,
463,09-04-2023,
464,10-04-2023,19.2332
465,11-04-2023,19.238
466,12-04-2023,19.2619
467,13-04-2023,19.2885
468,14-04-2023,19.307
469,15-04-2023,
470,16-04-2023,
471,17-04-2023,19.3363
472,18-04-2023,19.3542
473,19-04-2023,19.3755
474,20-04-2023,19.3806
475,21-04-2023,
476,22-04-2023,
477,23-04-2023,
478,24-04-2023,19.3806
479,25-04-2023,19.3853
480,26-04-2023,19.3937
481,27-04-2023,19.4029
482,28-04-2023,19.4103
483,29-04-2023,
484,30-04-2023,
485,01-05-2023,
486,02-05-2023,19.4268
487,03-05-2023,19.4417
488,04-05-2023,19.4511
489,05-05-2023,19.4647
490,06-05-2023,
491,07-05-2023,
492,08-05-2023,19.4747
493,09-05-2023,19.4837
494,10-05-2023,19.4909
495,11-05-2023,19.5134
496,12-05-2023,19.5389
497,13-05-2023,
498,14-05-2023,
499,15-05-2023,19.5649
500,16-05-2023,19.6386
501,17-05-2023,19.68
502,18-05-2023,19.7336
503,19-05-2023,
504,20-05-2023,
505,21-05-2023,
506,22-05-2023,19.7607
507,23-05-2023,19.8047
508,24-05-2023,19.827
509,25-05-2023,19.86
510,26-05-2023,19.9027
511,27-05-2023,
512,28-05-2023,
513,29-05-2023,19.9512
514,30-05-2023,20.0453
515,31-05-2023,20.3104
516,01-06-2023,20.6632
517,02-06-2023,20.7529
518,03-06-2023,
519,04-06-2023,
520,05-06-2023,20.8447
521,06-06-2023,21.1465
522,07-06-2023,21.4565
523,08-06-2023,23.021
524,09-06-2023,23.3212
525,10-06-2023,
526,11-06-2023,
527,12-06-2023,23.4314
528,13-06-2023,23.6117
529,14-06-2023,23.6387
530,15-06-2023,23.5989
531,16-06-2023,23.6389
532,17-06-2023,
533,18-06-2023,
534,19-06-2023,23.6388
535,20-06-2023,23.6371
536,21-06-2023,23.577
537,22-06-2023,23.5493
538,23-06-2023,23.6239
539,24-06-2023,
540,25-06-2023,
541,26-06-2023,25.2505
542,27-06-2023,25.8231
543,28-06-2023,
544,29-06-2023,
545,30-06-2023,
546,01-07-2023,
547,02-07-2023,
548,03-07-2023,25.8231
549,04-07-2023,26.0312
550,05-07-2023,26.0035
551,06-07-2023,26.0474
552,07-07-2023,26.0452
553,08-07-2023,
554,09-07-2023,
555,10-07-2023,26.0381
556,11-07-2023,26.0564
557,12-07-2023,26.0721
558,13-07-2023,26.1099
559,14-07-2023,26.1195
560,15-07-2023,
561,16-07-2023,
562,17-07-2023,26.1446
563,18-07-2023,26.2388
564,19-07-2023,26.8232
565,20-07-2023,26.8963
566,21-07-2023,26.8878
567,22-07-2023,
568,23-07-2023,
569,24-07-2023,26.8944
570,25-07-2023,26.9212
571,26-07-2023,26.9263
572,27-07-2023,26.9283
573,28-07-2023,26.9308
574,29-07-2023,
575,30-07-2023,
576,31-07-2023,26.9394
577,01-08-2023,26.9323
578,02-08-2023,26.9329
579,03-08-2023,26.9382
580,04-08-2023,26.9498
581,05-08-2023,
582,06-08-2023,
583,07-08-2023,26.9545
584,08-08-2023,26.9651
585,09-08-2023,26.982
586,10-08-2023,26.9892
587,11-08-2023,26.9978
588,12-08-2023,
589,13-08-2023,
590,14-08-2023,27.0059
591,15-08-2023,27.017
592,16-08-2023,27.022
593,17-08-2023,27.0254
594,18-08-2023,27.0681
595,19-08-2023,
596,20-08-2023,
597,21-08-2023,27.0606
598,22-08-2023,27.1275
599,23-08-2023,27.1676
600,24-08-2023,27.1737
601,25-08-2023,27.0937
602,26-08-2023,
603,27-08-2023,
604,28-08-2023,26.406
605,29-08-2023,26.5271
606,30-08-2023,
607,31-08-2023,26.5763
608,01-09-2023,26.6658
609,02-09-2023,
610,03-09-2023,
611,04-09-2023,26.6783
612,05-09-2023,26.735
613,06-09-2023,26.7605
614,07-09-2023,26.7701
615,08-09-2023,26.8048
616,09-09-2023,
617,10-09-2023,
618,11-09-2023,26.8087
619,12-09-2023,26.8414
620,13-09-2023,26.8582
621,14-09-2023,26.9024
622,15-09-2023,26.9069
623,16-09-2023,
624,17-09-2023,
625,18-09-2023,26.93
626,19-09-2023,26.9814
627,20-09-2023,26.9938
628,21-09-2023,26.991
629,22-09-2023,27.002
630,23-09-2023,
631,24-09-2023,
632,25-09-2023,27.1039
633,26-09-2023,27.1751
634,27-09-2023,27.2108
635,28-09-2023,27.264
636,29-09-2023,27.3752
637,30-09-2023,
638,01-10-2023,
639,02-10-2023,27.3767
640,03-10-2023,27.4044
641,04-10-2023,27.4518
642,05-10-2023,27.5316
643,06-10-2023,27.5264
644,07-10-2023,
645,08-10-2023,
646,09-10-2023,27.558
647,10-10-2023,27.6559
648,11-10-2023,27.6791
649,12-10-2023,27.6894
650,13-10-2023,27.7077
651,14-10-2023,
652,15-10-2023,
653,16-10-2023,27.7439
654,17-10-2023,27.8364
655,18-10-2023,27.8719
656,19-10-2023,27.9659
657,20-10-2023,27.9649
658,21-10-2023,
659,22-10-2023,
660,23-10-2023,27.9714
661,24-10-2023,28.0103
662,25-10-2023,28.0536
663,26-10-2023,28.0807
664,27-10-2023,28.1026
665,28-10-2023,
666,29-10-2023,
667,30-10-2023,28.1258
668,31-10-2023,28.2043
669,01-11-2023,28.2366
670,02-11-2023,28.2806
671,03-11-2023,28.3063
672,04-11-2023,
673,05-11-2023,
674,06-11-2023,28.3479
675,07-11-2023,28.3884
676,08-11-2023,28.4353
677,09-11-2023,28.4767
678,10-11-2023,28.4759
679,11-11-2023,
680,12-11-2023,
681,13-11-2023,28.4857
682,14-11-2023,28.542
683,15-11-2023,28.5826
684,16-11-2023,28.6163
685,17-11-2023,28.6529
686,18-11-2023,
687,19-11-2023,
688,20-11-2023,28.6592
689,21-11-2023,28.7051
690,22-11-2023,28.7474
691,23-11-2023,28.7618
692,24-11-2023,28.7786
693,25-11-2023,
694,26-11-2023,
695,27-11-2023,28.8088
696,28-11-2023,28.8584
697,29-11-2023,28.8768
698,30-11-2023,28.8596
699,01-12-2023,28.8209
700,02-12-2023,
701,03-12-2023,
702,04-12-2023,28.8553
703,05-12-2023,28.8515
704,06-12-2023,28.8705
705,07-12-2023,28.8793
706,08-12-2023,28.874
707,09-12-2023,
708,10-12-2023,
709,11-12-2023,28.8974
710,12-12-2023,28.9396
711,13-12-2023,28.9773
712,14-12-2023,29.0056
713,15-12-2023,28.9805
714,16-12-2023,
715,17-12-2023,
716,18-12-2023,28.9847
717,19-12-2023,29.0053
718,20-12-2023,29.0299
719,21-12-2023,29.0677
720,22-12-2023,29.0897
721,23-12-2023,
722,24-12-2023,
723,25-12-2023,29.1344
724,26-12-2023,29.2108
725,27-12-2023,29.2647
726,28-12-2023,29.3374
727,29-12-2023,29.3973
728,30-12-2023,
729,31-12-2023,
730,01-01-2024,
731,02-01-2024,29.4382
732,03-01-2024,29.6675
733,04-01-2024,29.7394
734,05-01-2024,29.7452
735,06-01-2024,
736,07-01-2024,
737,08-01-2024,29.7714
738,09-01-2024,29.8342
739,10-01-2024,29.8823
740,11-01-2024,29.9136
741,12-01-2024,29.9581
742,13-01-2024,
743,14-01-2024,
744,15-01-2024,30.0163
745,16-01-2024,30.0449
746,17-01-2024,30.047
747,18-01-2024,30.0721
748,19-01-2024,30.0847
749,20-01-2024,
750,21-01-2024,
751,22-01-2024,30.1219
752,23-01-2024,30.1806
753,24-01-2024,30.2185
754,25-01-2024,30.2145
755,26-01-2024,30.2185
756,27-01-2024,
757,28-01-2024,
758,29-01-2024,30.2343
759,30-01-2024,30.2849
760,31-01-2024,30.3053
761,01-02-2024,30.2952
762,02-02-2024,30.3063
763,03-02-2024,
764,04-02-2024,
765,05-02-2024,30.3735
766,06-02-2024,30.477
767,07-02-2024,30.5077
768,08-02-2024,30.5349
769,09-02-2024,30.5357
770,10-02-2024,
771,11-02-2024,
772,12-02-2024,30.6005
773,13-02-2024,30.6318
774,14-02-2024,30.669
775,15-02-2024,30.6835
776,16-02-2024,30.6968
777,17-02-2024,
778,18-02-2024,
779,19-02-2024,30.7221
780,20-02-2024,30.804
781,21-02-2024,30.8388
782,22-02-2024,30.9096
783,23-02-2024,30.9582
784,24-02-2024,
785,25-02-2024,
786,26-02-2024,31.0047
787,27-02-2024,31.0441
788,28-02-2024,31.0737
789,29-02-2024,31.1201
790,01-03-2024,31.1597
791,02-03-2024,
792,03-03-2024,
793,04-03-2024,31.2392
794,05-03-2024,31.4069
795,06-03-2024,31.5457
796,07-03-2024,31.6612
797,08-03-2024,31.7768
798,09-03-2024,
799,10-03-2024,
800,11-03-2024,31.8618
801,12-03-2024,31.9378
802,13-03-2024,31.9856
803,14-03-2024,32.039
804,15-03-2024,32.0629
805,16-03-2024,
806,17-03-2024,
807,18-03-2024,32.1214
808,19-03-2024,32.2448
809,20-03-2024,32.2791
810,21-03-2024,32.3294
811,22-03-2024,32.3105
812,23-03-2024,
813,24-03-2024,
814,25-03-2024,31.9675
815,26-03-2024,32.0592
816,27-03-2024,32.1005
817,28-03-2024,32.165
818,29-03-2024,32.2596
819,30-03-2024,
820,31-03-2024,
821,01-04-2024,32.2854
822,02-04-2024,32.3568
823,03-04-2024,32.1302
824,04-04-2024,31.9392
825,05-04-2024,31.8396
826,06-04-2024,
827,07-04-2024,
828,08-04-2024,31.9209
829,09-04-2024,32.006
830,10-04-2024,
831,11-04-2024,
832,12-04-2024,
833,13-04-2024,
834,14-04-2024,
835,15-04-2024,32.006
836,16-04-2024,32.3271
837,17-04-2024,32.4049
838,18-04-2024,32.4626
839,19-04-2024,32.4551
840,20-04-2024,
841,21-04-2024,
842,22-04-2024,32.5096
843,23-04-2024,
844,24-04-2024,32.5
845,25-04-2024,32.4742
846,26-04-2024,32.4747
847,27-04-2024,
848,28-04-2024,
849,29-04-2024,32.4527
850,30-04-2024,32.3389
851,01-05-2024,
852,02-05-2024,32.3091
853,03-05-2024,32.3199
854,04-05-2024,
855,05-05-2024,
856,06-05-2024,32.2472
857,07-05-2024,32.2242
858,08-05-2024,32.2073
859,09-05-2024,32.207
860,10-05-2024,32.177
861,11-05-2024,
862,12-05-2024,
863,13-05-2024,32.1534
864,14-05-2024,32.1496
865,15-05-2024,32.1946
866,16-05-2024,32.2296
867,17-05-2024,32.1573
868,18-05-2024,
869,19-05-2024,
870,20-05-2024,32.194
871,21-05-2024,32.156
872,22-05-2024,32.1556
873,23-05-2024,32.1209
874,24-05-2024,32.1421
875,25-05-2024,
876,26-05-2024,
877,27-05-2024,32.1452
878,28-05-2024,32.1311
879,29-05-2024,32.1203
880,30-05-2024,32.1874
881,31-05-2024,32.2489
882,01-06-2024,
883,02-06-2024,
884,03-06-2024,32.1339
885,04-06-2024,32.1534
886,05-06-2024,32.2687
887,06-06-2024,32.4547
888,07-06-2024,32.1775
889,08-06-2024,
890,09-06-2024,
891,10-06-2024,32.1923
892,11-06-2024,32.3699
893,12-06-2024,32.3127
894,13-06-2024,32.3073
895,14-06-2024,32.2313
896,15-06-2024,
897,16-06-2024,
898,17-06-2024,
899,18-06-2024,
900,19-06-2024,
901,20-06-2024,32.4579
902,21-06-2024,32.5711
903,22-06-2024,
904,23-06-2024,
905,24-06-2024,32.781
906,25-06-2024,32.8078
907,26-06-2024,32.9015
908,27-06-2024,32.904
909,28-06-2024,32.8417
910,29-06-2024,
911,30-06-2024,
912,01-07-2024,32.8262
913,02-07-2024,32.6207
914,03-07-2024,32.629
915,04-07-2024,32.4929
916,05-07-2024,32.5011
917,06-07-2024,
918,07-07-2024,
919,08-07-2024,32.6301
920,09-07-2024,32.6401
921,10-07-2024,32.7362
922,11-07-2024,32.8849
923,12-07-2024,32.8473
924,13-07-2024,
925,14-07-2024,
926,15-07-2024,
927,16-07-2024,32.9069
928,17-07-2024,33.0223
929,18-07-2024,33.038
930,19-07-2024,33.0389
931,20-07-2024,
932,21-07-2024,
933,22-07-2024,33.0042
934,23-07-2024,32.9441
935,24-07-2024,32.8805
936,25-07-2024,32.8106
937,26-07-2024,32.9833
938,27-07-2024,
939,28-07-2024,
940,29-07-2024,32.9586
941,30-07-2024,32.9509
942,31-07-2024,33.0304
943,01-08-2024,33.0835
944,02-08-2024,33.0782
945,03-08-2024,
946,04-08-2024,
947,05-08-2024,33.0763
948,06-08-2024,33.2573
949,07-08-2024,33.3984
950,08-08-2024,33.4965
951,09-08-2024,33.4471
952,10-08-2024,
953,11-08-2024,
954,12-08-2024,33.4596
955,13-08-2024,33.4843
956,14-08-2024,33.4928
957,15-08-2024,33.4846
958,16-08-2024,33.5746
959,17-08-2024,
960,18-08-2024,
961,19-08-2024,33.6107
962,20-08-2024,33.6524
963,21-08-2024,33.7482
964,22-08-2024,33.8465
965,23-08-2024,33.8506
966,24-08-2024,
967,25-08-2024,
968,26-08-2024,33.8863
969,27-08-2024,33.9282
970,28-08-2024,33.9577
971,29-08-2024,33.9626
972,30-08-2024,
973,31-08-2024,
974,01-09-2024,
975,02-09-2024,33.9233
976,03-09-2024,33.9196
977,04-09-2024,33.887
978,05-09-2024,33.9725
979,06-09-2024,33.9091
980,07-09-2024,
981,08-09-2024,
982,09-09-2024,33.8937
983,10-09-2024,33.9676
984,11-09-2024,33.9904
985,12-09-2024,33.9398
986,13-09-2024,33.8984
987,14-09-2024,
988,15-09-2024,
989,16-09-2024,33.8159
990,17-09-2024,33.8895
991,18-09-2024,33.9681
992,19-09-2024,34.0283
993,20-09-2024,33.9766
994,21-09-2024,
995,22-09-2024,
996,23-09-2024,33.9531
997,24-09-2024,34.0627
998,25-09-2024,34.0815
999,26-09-2024,34.0894
1000,27-09-2024,34.0982
1001,28-09-2024,
1002,29-09-2024,
1003,30-09-2024,34.09
1004,01-10-2024,34.121
1005,02-10-2024,34.1247
1006,03-10-2024,34.1538
1007,04-10-2024,34.1126
1008,05-10-2024,
1009,06-10-2024,
1010,07-10-2024,34.1398
1011,08-10-2024,34.1881
1012,09-10-2024,34.2103
1013,10-10-2024,34.1951
1014,11-10-2024,34.1522
1015,12-10-2024,
1016,13-10-2024,
1017,14-10-2024,34.1625
1018,15-10-2024,34.2034
1019,16-10-2024,34.2018
1020,17-10-2024,34.1633
1021,18-10-2024,34.1155
1022,19-10-2024,
1023,20-10-2024,
1024,21-10-2024,34.1786
1025,22-10-2024,34.1788
1026,23-10-2024,34.1821
1027,24-10-2024,34.2011
1028,25-10-2024,34.1902
1029,26-10-2024,
1030,27-10-2024,
1031,28-10-2024,34.189
1032,29-10-2024,
1033,30-10-2024,34.189
1034,31-10-2024,34.2095
1035,01-11-2024,34.1787
1036,02-11-2024,
1037,03-11-2024,
1038,04-11-2024,34.2236
1039,05-11-2024,34.2757
1040,06-11-2024,34.282
1041,07-11-2024,34.1841
1042,08-11-2024,34.1764
1043,09-11-2024,
1044,10-11-2024,
1045,11-11-2024,34.2614
1046,12-11-2024,34.2869
1047,13-11-2024,34.3128
1048,14-11-2024,34.3118
1049,15-11-2024,34.2996
1050,16-11-2024,
1051,17-11-2024,
1052,18-11-2024,34.3333
1053,19-11-2024,34.4321
1054,20-11-2024,34.5162
1055,21-11-2024,34.4372
1056,22-11-2024,34.4495
1057,23-11-2024,
1058,24-11-2024,
1059,25-11-2024,34.4642
1060,26-11-2024,34.5184
1061,27-11-2024,34.5726
1062,28-11-2024,34.5728
1063,29-11-2024,34.5697
1064,30-11-2024,
1065,01-12-2024,
1066,02-12-2024,34.5794
1067,03-12-2024,34.6432
1068,04-12-2024,34.6766
1069,05-12-2024,34.6873
1070,06-12-2024,34.6753
1071,07-12-2024,
1072,08-12-2024,
1073,09-12-2024,34.7007
1074,10-12-2024,34.7499
1075,11-12-2024,34.7797
1076,12-12-2024,34.8028
1077,13-12-2024,34.8177
1078,14-12-2024,
1079,15-12-2024,
1080,16-12-2024,34.8621
1081,17-12-2024,34.8985
1082,18-12-2024,34.9219
1083,19-12-2024,34.9529
1084,20-12-2024,35.0067
1085,21-12-2024,
1086,22-12-2024,
1087,23-12-2024,35.0619
1088,24-12-2024,35.1065
1089,25-12-2024,35.1814
1090,26-12-2024,35.2162
1091,27-12-2024,35.2033
1092,28-12-2024,
1093,29-12-2024,
1094,30-12-2024,35.1368
1095,31-12-2024,35.2233
1096,01-01-2025,
1097,02-01-2025,35.2803
1098,03-01-2025,35.2525
1099,04-01-2025,
1100,05-01-2025,
1101,06-01-2025,35.271
1102,07-01-2025,35.2892
1103,08-01-2025,35.2764
1104,09-01-2025,35.3179
1105,10-01-2025,35.2921
1106,11-01-2025,
1107,12-01-2025,
1108,13-01-2025,35.3356
1109,14-01-2025,35.4197
1110,15-01-2025,35.4292
1111,16-01-2025,35.4294
1112,17-01-2025,35.3979
1113,18-01-2025,
1114,19-01-2025,
1115,20-01-2025,35.4119
1116,21-01-2025,35.5183
1117,22-01-2025,35.5516
1118,23-01-2025,35.5815
1119,24-01-2025,35.5915
1120,25-01-2025,
1121,26-01-2025,
1122,27-01-2025,35.5994
1123,28-01-2025,35.6602
1124,29-01-2025,35.6978
1125,30-01-2025,35.7067
1126,31-01-2025,35.721
1127,01-02-2025,
1128,02-02-2025,
1129,03-02-2025,35.763
1130,04-02-2025,35.9022
1131,05-02-2025,35.9164
1132,06-02-2025,35.8683
1133,07-02-2025,35.8332
1134,08-02-2025,
1135,09-02-2025,
1136,10-02-2025,35.9055
1137,11-02-2025,35.9451
1138,12-02-2025,35.9593
1139,13-02-2025,36.0273
1140,14-02-2025,36.0448
1141,15-02-2025,
1142,16-02-2025,
1143,17-02-2025,36.106
1144,18-02-2025,36.1523
1145,19-02-2025,36.1964
1146,20-02-2025,36.2267
1147,21-02-2025,36.2472
1148,22-02-2025,
1149,23-02-2025,
1150,24-02-2025,36.306
1151,25-02-2025,36.3563
1152,26-02-2025,36.3875
1153,27-02-2025,36.3717
1154,28-02-2025,36.3652
1155,01-03-2025,
1156,02-03-2025,
1157,03-03-2025,36.3812
1158,04-03-2025,36.4097
1159,05-03-2025,36.4011
1160,06-03-2025,36.3682
1161,07-03-2025,36.3748
1162,08-03-2025,
1163,09-03-2025,
1164,10-03-2025,36.3153
1165,11-03-2025,36.4558
1166,12-03-2025,36.5088
1167,13-03-2025,36.5401
1168,14-03-2025,36.5387
1169,15-03-2025,
1170,16-03-2025,
1171,17-03-2025,36.535
1172,18-03-2025,36.6139
1173,19-03-2025,36.5922
1174,20-03-2025,37.9839
1175,21-03-2025,37.915
1176,22-03-2025,
1177,23-03-2025,
1178,24-03-2025,37.8502
1179,25-03-2025,37.86
1180,26-03-2025,37.9086
1181,27-03-2025,37.9287
1182,28-03-2025,37.9323
1183,29-03-2025,
1184,30-03-2025,
1185,31-03-2025,
1186,01-04-2025,
1187,02-04-2025,37.7656
1188,03-04-2025,37.8559
1189,04-04-2025,37.8637
1190,05-04-2025,
1191,06-04-2025,
1192,07-04-2025,37.8465
1193,08-04-2025,37.933
1194,09-04-2025,37.93
1195,10-04-2025,37.9327
1196,11-04-2025,37.8646
1197,12-04-2025,
1198,13-04-2025,
1199,14-04-2025,37.9073
1200,15-04-2025,37.9649
1201,16-04-2025,38.0065
1202,17-04-2025,38.0472
1203,18-04-2025,38.0611
1204,19-04-2025,
1205,20-04-2025,
1206,21-04-2025,38.0032
1207,22-04-2025,38.114
1208,23-04-2025,
1209,24-04-2025,38.1314
1210,25-04-2025,38.2289
1211,26-04-2025,
1212,27-04-2025,
1213,28-04-2025,38.2455
1214,29-04-2025,38.3665
1215,30-04-2025,38.3672
1216,01-05-2025,
1217,02-05-2025,38.3684
1218,03-05-2025,
1219,04-05-2025,
1220,05-05-2025,38.3695
1221,06-05-2025,38.5105
1222,07-05-2025,38.5259
1223,08-05-2025,38.556
1224,09-05-2025,38.5529
1225,10-05-2025,
1226,11-05-2025,
1227,12-05-2025,38.5725
1228,13-05-2025,38.6761
1229,14-05-2025,38.7123
1230,15-05-2025,38.6933
1231,16-05-2025,38.6349
